,ID,comp1,GroupContrib,importance,SpectrumID,SpectrumFile,LibraryName,MQScore,TIC_Query,RT_Query,MZErrorPPM,SharedPeaks,MassDiff,SpecMZ,SpecCharge,FileScanUniqueID,NumberHits,Compound_Name,Ion_Source,Instrument,Compound_Source,PI,Data_Collector,Adduct,Precursor_MZ,ExactMass,Charge,CAS_Number,Pubmed_ID,Smiles,INCHI,INCHI_AUX,Library_Class,IonMode,Organism,LibMZ,UpdateWorkflowName,LibraryQualityString,tags,molecular_formula,InChIKey,InChIKey.Planar,superclass,class,subclass,npclassifier_superclass,npclassifier_class,npclassifier_pathway,library_usi,group,VIP_direction,Feature_x,mz,Feature_y,RT,Feature,ClassyFire#most specific class,Shortened_Compound_Name
0,29059,2.5942187782854784,Acne_NL,-0.0773790588286245,CCMSLIB00005722082,spectra_filtered.mgf,GNPS-NIH-NATURALPRODUCTSLIBRARY_ROUND2_POSITIVE.mgf,0.612193,3807000,0,1.96092,6,0.000610352,311.257,1,temp/spectra_filtered.mgf29059,1,"NCGC00385642-01!1,4-dihydroxyheptadec-16-en-2-yl acetate [IIN-based: Match]",LC-ESI,Orbitrap,Commercial,Pieter Dorrestein,lfnothias/robinschmid,[M-H2O+H]+,311.258,328.261,1,,,CC(=O)OC(CO)CC(O)CCCCCCCCCCCC=C,"InChI=1S/C19H36O4/c1-3-4-5-6-7-8-9-10-11-12-13-14-18(22)15-19(16-20)23-17(2)21/h3,18-20,22H,1,4-16H2,2H3",,3,Positive,GNPS-NIH-NATURALPRODUCTSLIBRARY_ROUND2_POSITIVE,311.258,UPDATE-SINGLE-ANNOTATED-BRONZE,Bronze,,C19H36O4,LUIGTZGBXWZJAX-UHFFFAOYSA-N,LUIGTZGBXWZJAX,Lipids and lipid-like molecules,Fatty Acyls,Fatty alcohols,Fatty acyls,Fatty alcohols,Fatty acids,mzspec:GNPS:GNPS-LIBRARY:CCMSLIB00005722082,H vs NL,2.5942187782854784,29059,311.257396671208,29059,7.4214296,29059,Fatty alcohols,C19H36O4 Fatty Alcohol
1,29059,2.3585652684163048,Acne_L,0.0701630851519166,CCMSLIB00005722082,spectra_filtered.mgf,GNPS-NIH-NATURALPRODUCTSLIBRARY_ROUND2_POSITIVE.mgf,0.612193,3807000,0,1.96092,6,0.000610352,311.257,1,temp/spectra_filtered.mgf29059,1,"NCGC00385642-01!1,4-dihydroxyheptadec-16-en-2-yl acetate [IIN-based: Match]",LC-ESI,Orbitrap,Commercial,Pieter Dorrestein,lfnothias/robinschmid,[M-H2O+H]+,311.258,328.261,1,,,CC(=O)OC(CO)CC(O)CCCCCCCCCCCC=C,"InChI=1S/C19H36O4/c1-3-4-5-6-7-8-9-10-11-12-13-14-18(22)15-19(16-20)23-17(2)21/h3,18-20,22H,1,4-16H2,2H3",,3,Positive,GNPS-NIH-NATURALPRODUCTSLIBRARY_ROUND2_POSITIVE,311.258,UPDATE-SINGLE-ANNOTATED-BRONZE,Bronze,,C19H36O4,LUIGTZGBXWZJAX-UHFFFAOYSA-N,LUIGTZGBXWZJAX,Lipids and lipid-like molecules,Fatty Acyls,Fatty alcohols,Fatty acyls,Fatty alcohols,Fatty acids,mzspec:GNPS:GNPS-LIBRARY:CCMSLIB00005722082,H vs L,2.3585652684163048,29059,311.257396671208,29059,7.4214296,29059,Fatty alcohols,C19H36O4 Fatty Alcohol
2,5930,2.271726476791282,Acne_NL,-0.0676097093236055,CCMSLIB00005883949,spectra_filtered.mgf,GNPS-LIBRARY.mgf,0.95486,4091900,0,0.520785,6,0.000106812,205.097,1,temp/spectra_filtered.mgf5930,1,D-TRYPTOPHAN - 60.0 eV,ESI,Orbitrap,Isolated,Madeleine Ernst,Anna Abrahamsson,M+H,205.097,0.0,1,153-94-6,,N[C@H](CC1=CNC2=CC=CC=C12)C(O)=O,"InChI=1S/C11H12N2O2/c12-9(11(14)15)5-7-6-13-10-4-2-1-3-8(7)10/h1-4,6,9,13H,5,12H2,(H,14,15)/t9-/m1/s1",,1,Positive,GNPS-LIBRARY,205.097,UPDATE-SINGLE-ANNOTATED-GOLD,Gold,,C11H12N2O2,QIVBCDIJIAJPQS-SECBINFHSA-N,QIVBCDIJIAJPQS,Organoheterocyclic compounds,Indoles and derivatives,Indolyl carboxylic acids and derivatives,Small peptides,Aminoacids,Amino acids and Peptides|Shikimates and Phenylpropanoids,mzspec:GNPS:GNPS-LIBRARY:CCMSLIB00005883949,NL vs L,-2.271726476791282,5930,205.09691824672697,5930,2.0760007,5930,Alpha amino acids,Tryptophan
3,777,2.116338106191522,Healthy,0.0631250734097618,CCMSLIB00005735151,spectra_filtered.mgf,MASSBANK.mgf,0.981793,3738000,0,3.64812,7,0.000595093,163.122,1,temp/spectra_filtered.mgf777,1,Massbank:EQ300804 Nicotine|3-[(2S)-1-methylpyrrolidin-2-yl]pyridine|3-[(2S)-1-methyl-2-pyrrolidinyl]pyridine,ESI,Hybrid FT,Isolated,Massbank,Massbank,M+H,163.123,0.0,1,54-11-5,,n1cc(ccc1)[C@H]2N(C)CCC2,"1S/C10H14N2/c1-12-7-3-5-10(12)9-4-2-6-11-8-9/h2,4,6,8,10H,3,5,7H2,1H3/t10-/m0/s1",,3,Positive,MASSBANK,163.123,UPDATE-SINGLE-ANNOTATED-BRONZE,Bronze,,C10H14N2,SNICXCGAKADSCV-JTQLQIEISA-N,SNICXCGAKADSCV,Organoheterocyclic compounds,Pyridines and derivatives,Pyrrolidinylpyridines,Nicotinic acid alkaloids,Pyridine alkaloids,Alkaloids,mzspec:GNPS:GNPS-LIBRARY:CCMSLIB00005735151,H vs NL,-2.116338106191522,777,163.12241571894097,777,0.634317,777,Pyrrolidinylpyridines,Nicotine
4,24392,1.9477218406547965,Acne_L,0.0579668850256603,CCMSLIB00000577480,spectra_filtered.mgf,GNPS-LIBRARY.mgf,0.728038,591900,0,6.55419,5,0.00280762,428.373,1,temp/spectra_filtered.mgf24392,1,Sorbitane Monooleate - Polysorbate 20 in-source fragment,LC-ESI,qTof,Lysate,PDorrestein,AMelnik,M+H,428.37,0.0,0," "," ",CCCCCCCCC=CCCCCCCCC(=O)OCC(C1C(C(CO1)O)O)O,"InChI=1S/C24H44O6/c1-2-3-4-5-6-7-8-9-10-11-12-13-14-15-16-17-22(27)29-19-21(26)24-23(28)20(25)18-30-24/h9-10,20-21,23-26,28H,2-8,11-19H2,1H3"," ",3,Positive,GNPS-LIBRARY,428.37,UPDATE-SINGLE-ANNOTATED-BRONZE,Bronze,,C24H44O6,NWGKJDSIEKMTRX-UHFFFAOYSA-N,NWGKJDSIEKMTRX,Lipids and lipid-like molecules,Fatty Acyls,Fatty acid esters,Fatty esters,Wax monoesters,Fatty acids,mzspec:GNPS:GNPS-LIBRARY:CCMSLIB00000577480,NL vs L,1.9477218406547965,24392,428.37282083833367,24392,6.1563983,24392,Alpha amino acids and derivatives,Polysorbate derivative
5,5930,1.922794685661483,Acne_NL,-0.0573521571667513,CCMSLIB00005883949,spectra_filtered.mgf,GNPS-LIBRARY.mgf,0.95486,4091900,0,0.520785,6,0.000106812,205.097,1,temp/spectra_filtered.mgf5930,1,D-TRYPTOPHAN - 60.0 eV,ESI,Orbitrap,Isolated,Madeleine Ernst,Anna Abrahamsson,M+H,205.097,0.0,1,153-94-6,,N[C@H](CC1=CNC2=CC=CC=C12)C(O)=O,"InChI=1S/C11H12N2O2/c12-9(11(14)15)5-7-6-13-10-4-2-1-3-8(7)10/h1-4,6,9,13H,5,12H2,(H,14,15)/t9-/m1/s1",,1,Positive,GNPS-LIBRARY,205.097,UPDATE-SINGLE-ANNOTATED-GOLD,Gold,,C11H12N2O2,QIVBCDIJIAJPQS-SECBINFHSA-N,QIVBCDIJIAJPQS,Organoheterocyclic compounds,Indoles and derivatives,Indolyl carboxylic acids and derivatives,Small peptides,Aminoacids,Amino acids and Peptides|Shikimates and Phenylpropanoids,mzspec:GNPS:GNPS-LIBRARY:CCMSLIB00005883949,H vs NL,1.922794685661483,5930,205.09691824672697,5930,2.0760007,5930,Alpha amino acids,Tryptophan
6,3794,1.824152083941352,Acne_NL,-0.0542892788446622,CCMSLIB00005747606,spectra_filtered.mgf,MASSBANK.mgf,0.844589,306400,0,0.294264,8,9.15527e-05,311.124,1,temp/spectra_filtered.mgf3794,1,Massbank:PR311057 Glutamyltyrosine,ESI,qTof,Isolated,Massbank,Massbank,M+H,311.124,0.0,1,,,O=C(O)C(N)CCC(=O)NC(C(=O)O)CC1=CC=C(O)C=C1,"1S/C14H18N2O6/c15-10(13(19)20)5-6-12(18)16-11(14(21)22)7-8-1-3-9(17)4-2-8/h1-4,10-11,17H,5-7,15H2,(H,16,18)(H,19,20)(H,21,22)",,3,Positive,MASSBANK,311.124,UPDATE-SINGLE-ANNOTATED-BRONZE,Bronze,,C14H18N2O6,VVLXCWVSSLFQDS-UHFFFAOYSA-N,VVLXCWVSSLFQDS,Organic acids and derivatives,Carboxylic acids and derivatives,"Amino acids, peptides, and analogues",Small peptides,Dipeptides,Amino acids and Peptides,mzspec:GNPS:GNPS-LIBRARY:CCMSLIB00005747606,NL vs L,-1.824152083941352,3794,311.1238574552782,3794,1.2036344,3794,Gamma-glutamyl amino acids,Glutamyltyrosine
7,17958,1.8239741579354107,Acne_L,0.0542839835216268,CCMSLIB00012283450,spectra_filtered.mgf,MSNLIB-POSITIVE.mgf,0.776449,637600,0,1.06325,9,0.000396729,373.128,1,temp/spectra_filtered.mgf17958,1,Sinensetin,ESI,Orbitrap,Crude,Tomas Pluskal,Corinna Brungs,[M+H]+,373.128,372.121,1,,,COc1c(OC)cc(-c2cc(=O)c3c(OC)c(OC)c(OC)cc3o2)cc1,"InChI=1S/C20H20O7/c1-22-13-7-6-11(8-15(13)23-2)14-9-12(21)18-16(27-14)10-17(24-3)19(25-4)20(18)26-5/h6-10H,1-5H3",LKMNXYDUQXAUCZ-UHFFFAOYSA-N,1,Positive,MSNLIB-POSITIVE,373.128,UPDATE-SINGLE-ANNOTATED-GOLD,Gold,,C20H20O7,LKMNXYDUQXAUCZ-UHFFFAOYSA-N,LKMNXYDUQXAUCZ,Phenylpropanoids and polyketides,Flavonoids,O-methylated flavonoids,Flavonoids,Flavones,Shikimates and Phenylpropanoids,mzspec:GNPS:GNPS-LIBRARY:CCMSLIB00012283450,NL vs L,1.8239741579354107,17958,373.1275689694993,17958,5.0247345,17958,5-O-methylated flavonoids,Sinensetin
8,27758,1.8148116733352373,Acne_NL,-0.0541312939407104,CCMSLIB00003137348,spectra_filtered.mgf,GNPS-NIST14-MATCHES.mgf,0.814365,282600,0,0.374099,6,0.00012207,326.305,1,temp/spectra_filtered.mgf27758,1,Spectral Match to N-Oleoylethanolamine from NIST14,ESI,qTof,Isolated,Data from Pieter Dorrestein,Data deposited by lfnothias,M+H,326.305,325.298,1,111580,,CCCCCCCC/C=C\CCCCCCCC(=O)NCCO,"InChI=1S/C20H39NO2/c1-2-3-4-5-6-7-8-9-10-11-12-13-14-15-16-17-20(23)21-18-19-22/h9-10,22H,2-8,11-19H2,1H3,(H,21,23)/b10-9-",,3,Positive,GNPS-NIST14-MATCHES,326.305,UPDATE-SINGLE-ANNOTATED-BRONZE,Bronze,,C20H39NO2,BOWVQLFMWHZBEF-KTKRTIGZSA-N,BOWVQLFMWHZBEF,Organic nitrogen compounds,Organonitrogen compounds,Amines,Fatty amides,N-acyl ethanolamines (endocannabinoids),Fatty acids,mzspec:GNPS:GNPS-LIBRARY:CCMSLIB00003137348,H vs NL,1.8148116733352373,27758,326.3050564803938,27758,7.1323557,27758,N-acyl amines,N-Oleoylethanolamine
9,777,1.7585626513902464,Acne_L,0.0523372469804459,CCMSLIB00005735151,spectra_filtered.mgf,MASSBANK.mgf,0.981793,3738000,0,3.64812,7,0.000595093,163.122,1,temp/spectra_filtered.mgf777,1,Massbank:EQ300804 Nicotine|3-[(2S)-1-methylpyrrolidin-2-yl]pyridine|3-[(2S)-1-methyl-2-pyrrolidinyl]pyridine,ESI,Hybrid FT,Isolated,Massbank,Massbank,M+H,163.123,0.0,1,54-11-5,,n1cc(ccc1)[C@H]2N(C)CCC2,"1S/C10H14N2/c1-12-7-3-5-10(12)9-4-2-6-11-8-9/h2,4,6,8,10H,3,5,7H2,1H3/t10-/m0/s1",,3,Positive,MASSBANK,163.123,UPDATE-SINGLE-ANNOTATED-BRONZE,Bronze,,C10H14N2,SNICXCGAKADSCV-JTQLQIEISA-N,SNICXCGAKADSCV,Organoheterocyclic compounds,Pyridines and derivatives,Pyrrolidinylpyridines,Nicotinic acid alkaloids,Pyridine alkaloids,Alkaloids,mzspec:GNPS:GNPS-LIBRARY:CCMSLIB00005735151,NL vs L,1.7585626513902464,777,163.12241571894097,777,0.634317,777,Pyrrolidinylpyridines,Nicotine
10,7778,1.7291598776815975,Acne_NL,-0.0515765150646433,CCMSLIB00000579531,spectra_filtered.mgf,CASMI.mgf,0.968451,17502000,0,0.665722,8,0.000183105,275.048,1,temp/spectra_filtered.mgf7778,1,Phenylbenzimidazole sulfonic acid,LC-ESI,Orbitrap,Commercial,CASMI,CASMI2016,M+H,275.048,0.0,1,,74369,OS(=O)(=O)C1=CC=C2N=C(NC2=C1)C1=CC=CC=C1,"""InChI=1S/C13H10N2O3S/c16-19(17,18)10-6-7-11-12(8-10)15-13(14-11)9-4-2-1-3-5-9/h1-8H,(H,14,15)(H,16,17,18)""",,1," Positive",CASMI,275.048,UPDATE-SINGLE-ANNOTATED-GOLD,Gold,,C13H10N2O3S,UVCJGUGAGLDPAA-UHFFFAOYSA-N,UVCJGUGAGLDPAA,Organoheterocyclic compounds,Benzimidazoles,Phenylbenzimidazoles,,,Alkaloids,mzspec:GNPS:GNPS-LIBRARY:CCMSLIB00000579531,H vs NL,1.7291598776815975,7778,275.048183735132,7778,2.761023,7778,Phenylbenzimidazoles,Phenylbenzimidazole sulfonic acid
11,3794,1.7160466587081784,Healthy,-0.0510493092779453,CCMSLIB00005747606,spectra_filtered.mgf,MASSBANK.mgf,0.844589,306400,0,0.294264,8,9.15527e-05,311.124,1,temp/spectra_filtered.mgf3794,1,Massbank:PR311057 Glutamyltyrosine,ESI,qTof,Isolated,Massbank,Massbank,M+H,311.124,0.0,1,,,O=C(O)C(N)CCC(=O)NC(C(=O)O)CC1=CC=C(O)C=C1,"1S/C14H18N2O6/c15-10(13(19)20)5-6-12(18)16-11(14(21)22)7-8-1-3-9(17)4-2-8/h1-4,10-11,17H,5-7,15H2,(H,16,18)(H,19,20)(H,21,22)",,3,Positive,MASSBANK,311.124,UPDATE-SINGLE-ANNOTATED-BRONZE,Bronze,,C14H18N2O6,VVLXCWVSSLFQDS-UHFFFAOYSA-N,VVLXCWVSSLFQDS,Organic acids and derivatives,Carboxylic acids and derivatives,"Amino acids, peptides, and analogues",Small peptides,Dipeptides,Amino acids and Peptides,mzspec:GNPS:GNPS-LIBRARY:CCMSLIB00005747606,H vs L,-1.7160466587081784,3794,311.1238574552782,3794,1.2036344,3794,Gamma-glutamyl amino acids,Glutamyltyrosine
12,2969,1.701638836395684,Acne_NL,-0.0507556312245783,CCMSLIB00005885034,spectra_filtered.mgf,GNPS-LIBRARY.mgf,0.971869,11500000,0,0.64311,5,0.000106812,166.086,1,temp/spectra_filtered.mgf2969,1,Phenylalanine - 50.00 eV,ESI,Orbitrap,Isolated,Madeleine Ernst,Anna Abrahamsson,M+H,166.086,0.0,1,63-91-2,,N[C@@H](CC1=CC=CC=C1)C(O)=O,"InChI=1S/C9H11NO2/c10-8(9(11)12)6-7-4-2-1-3-5-7/h1-5,8H,6,10H2,(H,11,12)/t8-/m0/s1",,1,Positive,GNPS-LIBRARY,166.086,UPDATE-SINGLE-ANNOTATED-GOLD,Gold,,C9H11NO2,COLNVLDHVKWLRT-QMMMGPOBSA-N,COLNVLDHVKWLRT,Organic acids and derivatives,Carboxylic acids and derivatives,"Amino acids, peptides, and analogues",Small peptides,Aminoacids,Amino acids and Peptides|Shikimates and Phenylpropanoids,mzspec:GNPS:GNPS-LIBRARY:CCMSLIB00005885034,H vs NL,1.701638836395684,2969,166.0861090072681,2969,0.9777797,2969,Phenylalanine and derivatives,Phenylalanine
13,1368,1.6918687815375386,Acne_NL,-0.0504642149200032,CCMSLIB00005883686,spectra_filtered.mgf,GNPS-LIBRARY.mgf,0.992042,12116000,0,2.31015,5,0.000305176,132.102,1,temp/spectra_filtered.mgf1368,1,ISOLEUCINE - 60.0 eV,ESI,Orbitrap,Isolated,Madeleine Ernst,Anna Abrahamsson,M+H,132.102,0.0,1,73-32-5,,CC[C@H](C)[C@H](N)C(O)=O,"InChI=1S/C6H13NO2/c1-3-4(2)5(7)6(8)9/h4-5H,3,7H2,1-2H3,(H,8,9)/t4-,5-/m0/s1",,1,Positive,GNPS-LIBRARY,132.102,UPDATE-SINGLE-ANNOTATED-GOLD,Gold,,C6H13NO2,AGPKZVBTJJNPAG-WHFBIAKZSA-N,AGPKZVBTJJNPAG,Organic acids and derivatives,Carboxylic acids and derivatives,"Amino acids, peptides, and analogues",Small peptides,Aminoacids,Amino acids and Peptides,mzspec:GNPS:GNPS-LIBRARY:CCMSLIB00005883686,H vs NL,1.6918687815375386,1368,132.1017009045832,1368,0.71511286,1368,Alpha amino acids,Isoleucine
14,655,1.662492317775689,Acne_L,0.0494780615121864,CCMSLIB00006681721,spectra_filtered.mgf,MONA.mgf,0.804832,4820000,0,62.5495,5,0.00869751,139.059,1,temp/spectra_filtered.mgf655,1,UROCANIC ACID,ESI,qTof,isolated,MoNA,MoNA:MoNA031976,M+H,139.05,0.0,1,,,C(=C\C(=O)O)/C1=CN=CN1,"""InChI=1S/C6H6N2O2/c9-6(10)2-1-5-3-7-4-8-5/h1-4H,(H,7,8)(H,9,10)/b2-1+""",,3,positive,MONA,139.05,UPDATE-SINGLE-ANNOTATED-BRONZE,Bronze,,C6H6N2O2,LOIYMIARKYCTBW-OWOJBTEDSA-N,LOIYMIARKYCTBW,Organoheterocyclic compounds,Azoles,Imidazoles,,,Alkaloids,mzspec:GNPS:GNPS-LIBRARY:CCMSLIB00006681721,NL vs L,1.662492317775689,655,139.05870282439906,655,0.6315576,655,Organonitrogen compounds,Urocanic acid
15,15770,1.6155503132656304,Acne_L,0.0480810027938872,CCMSLIB00012258210,spectra_filtered.mgf,CMMC-REFRAME-POSITIVE-LIBRARY.mgf,0.916448,887000,0,0.435608,8,0.000106812,245.201,1,temp/spectra_filtered.mgf15770,1,xylometazoline,LC-ESI,Orbitrap,Commercial,Pieter C. Dorrestein,Nina Haoqi Zhao,[M+H]+,245.201,244.194,1,,,Cc1cc(C(C)(C)C)cc(C)c1CC1=NCCN1,"""InChI=1S/C16H24N2/c1-11-8-13(16(3,4)5)9-12(2)14(11)10-15-17-6-7-18-15/h8-9H,6-7,10H2,1-5H3,(H,17,18)""",HUCJFAOMUPXHDK-UHFFFAOYSA-N,1,Positive,PRIVATE-LIB,245.201,UPDATE-SINGLE-ANNOTATED-GOLD,Gold,,C16H24N2,HUCJFAOMUPXHDK-UHFFFAOYSA-N,HUCJFAOMUPXHDK,Benzenoids,Benzene and substituted derivatives,Phenylpropanes,,,,mzspec:GNPS:GNPS-LIBRARY:CCMSLIB00012258210,NL vs L,1.6155503132656304,15770,245.2008949497096,15770,4.3418465,15770,Phenylpropanes,Xylometazoline
16,27758,1.5936194275708375,Acne_L,0.0474073188025363,CCMSLIB00003137348,spectra_filtered.mgf,GNPS-NIST14-MATCHES.mgf,0.814365,282600,0,0.374099,6,0.00012207,326.305,1,temp/spectra_filtered.mgf27758,1,Spectral Match to N-Oleoylethanolamine from NIST14,ESI,qTof,Isolated,Data from Pieter Dorrestein,Data deposited by lfnothias,M+H,326.305,325.298,1,111580,,CCCCCCCC/C=C\CCCCCCCC(=O)NCCO,"InChI=1S/C20H39NO2/c1-2-3-4-5-6-7-8-9-10-11-12-13-14-15-16-17-20(23)21-18-19-22/h9-10,22H,2-8,11-19H2,1H3,(H,21,23)/b10-9-",,3,Positive,GNPS-NIST14-MATCHES,326.305,UPDATE-SINGLE-ANNOTATED-BRONZE,Bronze,,C20H39NO2,BOWVQLFMWHZBEF-KTKRTIGZSA-N,BOWVQLFMWHZBEF,Organic nitrogen compounds,Organonitrogen compounds,Amines,Fatty amides,N-acyl ethanolamines (endocannabinoids),Fatty acids,mzspec:GNPS:GNPS-LIBRARY:CCMSLIB00003137348,H vs L,1.5936194275708375,27758,326.3050564803938,27758,7.1323557,27758,N-acyl amines,N-Oleoylethanolamine
17,379,1.520722465981693,Acne_NL,-0.0452587954303907,CCMSLIB00006681242,spectra_filtered.mgf,MONA.mgf,0.761004,189300,0,1.61879,5,0.000396729,245.077,1,temp/spectra_filtered.mgf379,1,URIDINE,ESI,qTof,isolated,MoNA,MoNA:MoNA032530,M+H,245.077,0.0,1,,,C1=CN([C@H]2[C@@H]([C@@H]([C@@H](CO)O2)O)O)C(=O)N=C1O,"""InChI=1S/C9H12N2O6/c12-3-4-6(14)7(15)8(17-4)11-2-1-5(13)10-9(11)16/h1-2,4,6-8,12,14-15H,3H2,(H,10,13,16)/t4-,6-,7-,8-/m1/s1""",,3,positive,MONA,245.077,UPDATE-SINGLE-ANNOTATED-BRONZE,Bronze,,C9H12N2O6,DRTQHJPVMGBUCF-XVFCMESISA-N,DRTQHJPVMGBUCF,Unknown,Unknown,Unknown,Nucleosides,Pyrimidine nucleos(t)ides,Carbohydrates,mzspec:GNPS:GNPS-LIBRARY:CCMSLIB00006681242,NL vs L,-1.520722465981693,379,245.0765944067936,379,0.65536463,379,Pyrimidine nucleosides,Uridine
18,2969,1.509915547851196,Acne_NL,-0.0449371666599592,CCMSLIB00005885034,spectra_filtered.mgf,GNPS-LIBRARY.mgf,0.971869,11500000,0,0.64311,5,0.000106812,166.086,1,temp/spectra_filtered.mgf2969,1,Phenylalanine - 50.00 eV,ESI,Orbitrap,Isolated,Madeleine Ernst,Anna Abrahamsson,M+H,166.086,0.0,1,63-91-2,,N[C@@H](CC1=CC=CC=C1)C(O)=O,"InChI=1S/C9H11NO2/c10-8(9(11)12)6-7-4-2-1-3-5-7/h1-5,8H,6,10H2,(H,11,12)/t8-/m0/s1",,1,Positive,GNPS-LIBRARY,166.086,UPDATE-SINGLE-ANNOTATED-GOLD,Gold,,C9H11NO2,COLNVLDHVKWLRT-QMMMGPOBSA-N,COLNVLDHVKWLRT,Organic acids and derivatives,Carboxylic acids and derivatives,"Amino acids, peptides, and analogues",Small peptides,Aminoacids,Amino acids and Peptides|Shikimates and Phenylpropanoids,mzspec:GNPS:GNPS-LIBRARY:CCMSLIB00005885034,NL vs L,-1.509915547851196,2969,166.0861090072681,2969,0.9777797,2969,Phenylalanine and derivatives,Phenylalanine
19,954,1.5014287401954516,Acne_NL,-0.0447838647175911,CCMSLIB00006119869,spectra_filtered.mgf,BIRMINGHAM-UHPLC-MS-POS.mgf,0.932302,34730000,0,2.3466,5,0.000305176,130.05,1,temp/spectra_filtered.mgf954,1,L-Pyroglutamic acid - 40.0 eV,ESI,Orbitrap,Isolated,PI,Data Collector,M+H,130.05,0.0,1,,,C1CC(=O)N[C@@H]1C(=O)O,"InChI=1S/C5H7NO3/c7-4-2-1-3(6-4)5(8)9/h3H,1-2H2,(H,6,7)(H,8,9)/t3-/m0/s1",,1,Positive,BIRMINGHAM-UHPLC-MS-POS,130.05,UPDATE-SINGLE-ANNOTATED-GOLD,Gold,,C5H7NO3,ODHCTXKNWHHXJC-VKHMYHEASA-N,ODHCTXKNWHHXJC,Organic acids and derivatives,Carboxylic acids and derivatives,"Amino acids, peptides, and analogues",Small peptides,Aminoacids,Amino acids and Peptides,mzspec:GNPS:GNPS-LIBRARY:CCMSLIB00006119869,H vs NL,1.5014287401954516,954,130.0497015678724,954,0.64796996,954,Proline and derivatives,Pyroglutamic acid
20,1197,1.482382449334131,Acne_NL,-0.0441177437203868,CCMSLIB00005743748,spectra_filtered.mgf,MASSBANK.mgf,0.601319,164900,0,4.64154,7,0.00128174,276.144,1,temp/spectra_filtered.mgf1197,1,Massbank:PR310825 N-Fructosyl isoleucine,ESI,qTof,Isolated,Massbank,Massbank,M-H2O+H,276.145,0.0,1,,,O=C(O)C(NCC1(O)(OC(CO)C(O)C1(O)))C(C)CC,"1S/C12H23NO7/c1-3-6(2)8(11(17)18)13-5-12(19)10(16)9(15)7(4-14)20-12/h6-10,13-16,19H,3-5H2,1-2H3,(H,17,18)",,3,Positive,MASSBANK,276.145,UPDATE-SINGLE-ANNOTATED-BRONZE,Bronze,,C12H23NO7,VYGRYVGDPYFVCA-UHFFFAOYSA-N,VYGRYVGDPYFVCA,Organic acids and derivatives,Carboxylic acids and derivatives,"Amino acids, peptides, and analogues",Small peptides,Dipeptides,Amino acids and Peptides,mzspec:GNPS:GNPS-LIBRARY:CCMSLIB00005743748,NL vs L,-1.482382449334131,1197,276.1436829716467,1197,0.6789317,1197,Monosaccharides,Isoleucine
21,379,1.4682110620858078,Acne_NL,-0.0437930644465765,CCMSLIB00006681242,spectra_filtered.mgf,MONA.mgf,0.761004,189300,0,1.61879,5,0.000396729,245.077,1,temp/spectra_filtered.mgf379,1,URIDINE,ESI,qTof,isolated,MoNA,MoNA:MoNA032530,M+H,245.077,0.0,1,,,C1=CN([C@H]2[C@@H]([C@@H]([C@@H](CO)O2)O)O)C(=O)N=C1O,"""InChI=1S/C9H12N2O6/c12-3-4-6(14)7(15)8(17-4)11-2-1-5(13)10-9(11)16/h1-2,4,6-8,12,14-15H,3H2,(H,10,13,16)/t4-,6-,7-,8-/m1/s1""",,3,positive,MONA,245.077,UPDATE-SINGLE-ANNOTATED-BRONZE,Bronze,,C9H12N2O6,DRTQHJPVMGBUCF-XVFCMESISA-N,DRTQHJPVMGBUCF,Unknown,Unknown,Unknown,Nucleosides,Pyrimidine nucleos(t)ides,Carbohydrates,mzspec:GNPS:GNPS-LIBRARY:CCMSLIB00006681242,H vs NL,1.4682110620858078,379,245.0765944067936,379,0.65536463,379,Pyrimidine nucleosides,Uridine
22,862,1.4021050825491597,Acne_NL,-0.0417285787002816,CCMSLIB00012349266,spectra_filtered.mgf,MSNLIB-POSITIVE.mgf,0.970295,967600,0,1.68735,10,0.000396729,235.119,1,temp/spectra_filtered.mgf862,1,Cyclo(his-pro),ESI,Orbitrap,Crude,Tomas Pluskal,Corinna Brungs,[M+H]+,235.119,234.112,1,,,O=C1N[C@@H](Cc2cnc[nH]2)C(=O)N2CCC[C@@H]12,"InChI=1S/C11H14N4O2/c16-10-9-2-1-3-15(9)11(17)8(14-10)4-7-5-12-6-13-7/h5-6,8-9H,1-4H2,(H,12,13)(H,14,16)/t8-,9-/m0/s1",NAKUGCPAQTUSBE-IUCAKERBSA-N,1,Positive,MSNLIB-POSITIVE,235.119,UPDATE-SINGLE-ANNOTATED-GOLD,Gold,,C11H14N4O2,NAKUGCPAQTUSBE-IUCAKERBSA-N,NAKUGCPAQTUSBE,Organic acids and derivatives,Carboxylic acids and derivatives,"Amino acids, peptides, and analogues",Small peptides,Dipeptides,Amino acids and Peptides,mzspec:GNPS:GNPS-LIBRARY:CCMSLIB00012349266,NL vs L,-1.4021050825491597,862,235.11863076381127,862,0.6402779,862,Alpha amino acids and derivatives,Cyclo(His-Pro)
23,1368,1.3956856304359513,Acne_NL,-0.0415375269623964,CCMSLIB00005883686,spectra_filtered.mgf,GNPS-LIBRARY.mgf,0.992042,12116000,0,2.31015,5,0.000305176,132.102,1,temp/spectra_filtered.mgf1368,1,ISOLEUCINE - 60.0 eV,ESI,Orbitrap,Isolated,Madeleine Ernst,Anna Abrahamsson,M+H,132.102,0.0,1,73-32-5,,CC[C@H](C)[C@H](N)C(O)=O,"InChI=1S/C6H13NO2/c1-3-4(2)5(7)6(8)9/h4-5H,3,7H2,1-2H3,(H,8,9)/t4-,5-/m0/s1",,1,Positive,GNPS-LIBRARY,132.102,UPDATE-SINGLE-ANNOTATED-GOLD,Gold,,C6H13NO2,AGPKZVBTJJNPAG-WHFBIAKZSA-N,AGPKZVBTJJNPAG,Organic acids and derivatives,Carboxylic acids and derivatives,"Amino acids, peptides, and analogues",Small peptides,Aminoacids,Amino acids and Peptides,mzspec:GNPS:GNPS-LIBRARY:CCMSLIB00005883686,NL vs L,-1.3956856304359513,1368,132.1017009045832,1368,0.71511286,1368,Alpha amino acids,Isoleucine
24,20967,1.3710480444940312,Healthy,0.040894934606051,CCMSLIB00006579779,spectra_filtered.mgf,BMDMS-NP.mgf,0.774153,1030500,0,2.53638,19,0.00109863,433.149,1,temp/spectra_filtered.mgf20967,1,"3,5,6,7,8,3',4'-Heptamethoxyflavone",ESI,Orbitrap,Commercial standard,BMDMS-NP,BMDMS-NP,[M+H]+,433.15,432.142,1,,,O=C1C(OC)=C(OC2=C(OC)C(OC)=C(OC)C(OC)=C12)C=3C=CC(OC)=C(OC)C3,"InChI=1S/C22H24O9/c1-24-12-9-8-11(10-13(12)25-2)16-19(27-4)15(23)14-17(26-3)20(28-5)22(30-7)21(29-6)18(14)31-16/h8-10H,1-7H3",,1,Positive,BMDMS-NP,433.15,UPDATE-SINGLE-ANNOTATED-GOLD,Gold,,C22H24O9,SSXJHQZOHUYEGD-UHFFFAOYSA-N,SSXJHQZOHUYEGD,Phenylpropanoids and polyketides,Flavonoids,O-methylated flavonoids,Flavonoids,Flavonols,Shikimates and Phenylpropanoids,mzspec:GNPS:GNPS-LIBRARY:CCMSLIB00006579779,H vs NL,-1.3710480444940312,20967,433.1489335708381,20967,5.410203,20967,3-O-methylated flavonoids,Heptamethoxyflavone
25,24392,1.3708397419434524,Healthy,0.0408887214618666,CCMSLIB00000577480,spectra_filtered.mgf,GNPS-LIBRARY.mgf,0.728038,591900,0,6.55419,5,0.00280762,428.373,1,temp/spectra_filtered.mgf24392,1,Sorbitane Monooleate - Polysorbate 20 in-source fragment,LC-ESI,qTof,Lysate,PDorrestein,AMelnik,M+H,428.37,0.0,0," "," ",CCCCCCCCC=CCCCCCCCC(=O)OCC(C1C(C(CO1)O)O)O,"InChI=1S/C24H44O6/c1-2-3-4-5-6-7-8-9-10-11-12-13-14-15-16-17-22(27)29-19-21(26)24-23(28)20(25)18-30-24/h9-10,20-21,23-26,28H,2-8,11-19H2,1H3"," ",3,Positive,GNPS-LIBRARY,428.37,UPDATE-SINGLE-ANNOTATED-BRONZE,Bronze,,C24H44O6,NWGKJDSIEKMTRX-UHFFFAOYSA-N,NWGKJDSIEKMTRX,Lipids and lipid-like molecules,Fatty Acyls,Fatty acid esters,Fatty esters,Wax monoesters,Fatty acids,mzspec:GNPS:GNPS-LIBRARY:CCMSLIB00000577480,H vs NL,-1.3708397419434524,24392,428.37282083833367,24392,6.1563983,24392,Alpha amino acids and derivatives,Polysorbate derivative
26,5062,1.3628201176008738,Acne_NL,-0.040649516122293,CCMSLIB00006113962,spectra_filtered.mgf,BIRMINGHAM-UHPLC-MS-POS.mgf,0.836628,432000,0,3.91326,5,0.000595093,152.07,1,temp/spectra_filtered.mgf5062,1,Paracetamol - 40.0 eV,ESI,Orbitrap,Isolated,PI,Data Collector,M+H,152.071,0.0,1,,,CC(=O)Nc1ccc(cc1)O,"InChI=1S/C8H9NO2/c1-6(10)9-7-2-4-8(11)5-3-7/h2-5,11H,1H3,(H,9,10)",,1,Positive,BIRMINGHAM-UHPLC-MS-POS,152.071,UPDATE-SINGLE-ANNOTATED-GOLD,Gold,,C8H9NO2,RZVAJINKPMORJF-UHFFFAOYSA-N,RZVAJINKPMORJF,Benzenoids,Phenols,1-hydroxy-2-unsubstituted benzenoids,Small peptides,Aminoacids,Amino acids and Peptides|Shikimates and Phenylpropanoids,mzspec:GNPS:GNPS-LIBRARY:CCMSLIB00006113962,H vs NL,1.3628201176008738,5062,152.07043726413852,5062,1.6221956,5062,Acetanilides,Paracetamol
27,1197,1.3443133235589655,Acne_NL,-0.0400975047357112,CCMSLIB00005743748,spectra_filtered.mgf,MASSBANK.mgf,0.601319,164900,0,4.64154,7,0.00128174,276.144,1,temp/spectra_filtered.mgf1197,1,Massbank:PR310825 N-Fructosyl isoleucine,ESI,qTof,Isolated,Massbank,Massbank,M-H2O+H,276.145,0.0,1,,,O=C(O)C(NCC1(O)(OC(CO)C(O)C1(O)))C(C)CC,"1S/C12H23NO7/c1-3-6(2)8(11(17)18)13-5-12(19)10(16)9(15)7(4-14)20-12/h6-10,13-16,19H,3-5H2,1-2H3,(H,17,18)",,3,Positive,MASSBANK,276.145,UPDATE-SINGLE-ANNOTATED-BRONZE,Bronze,,C12H23NO7,VYGRYVGDPYFVCA-UHFFFAOYSA-N,VYGRYVGDPYFVCA,Organic acids and derivatives,Carboxylic acids and derivatives,"Amino acids, peptides, and analogues",Small peptides,Dipeptides,Amino acids and Peptides,mzspec:GNPS:GNPS-LIBRARY:CCMSLIB00005743748,H vs NL,1.3443133235589655,1197,276.1436829716467,1197,0.6789317,1197,Monosaccharides,Isoleucine
28,862,1.3421636543515836,Acne_NL,-0.0400333854789035,CCMSLIB00012349266,spectra_filtered.mgf,MSNLIB-POSITIVE.mgf,0.970295,967600,0,1.68735,10,0.000396729,235.119,1,temp/spectra_filtered.mgf862,1,Cyclo(his-pro),ESI,Orbitrap,Crude,Tomas Pluskal,Corinna Brungs,[M+H]+,235.119,234.112,1,,,O=C1N[C@@H](Cc2cnc[nH]2)C(=O)N2CCC[C@@H]12,"InChI=1S/C11H14N4O2/c16-10-9-2-1-3-15(9)11(17)8(14-10)4-7-5-12-6-13-7/h5-6,8-9H,1-4H2,(H,12,13)(H,14,16)/t8-,9-/m0/s1",NAKUGCPAQTUSBE-IUCAKERBSA-N,1,Positive,MSNLIB-POSITIVE,235.119,UPDATE-SINGLE-ANNOTATED-GOLD,Gold,,C11H14N4O2,NAKUGCPAQTUSBE-IUCAKERBSA-N,NAKUGCPAQTUSBE,Organic acids and derivatives,Carboxylic acids and derivatives,"Amino acids, peptides, and analogues",Small peptides,Dipeptides,Amino acids and Peptides,mzspec:GNPS:GNPS-LIBRARY:CCMSLIB00012349266,H vs NL,1.3421636543515836,862,235.11863076381127,862,0.6402779,862,Alpha amino acids and derivatives,Cyclo(His-Pro)
29,23297,1.3329188656394704,Healthy,-0.039651944816967,CCMSLIB00011435350,spectra_filtered.mgf,ECG-ACYL-AMIDES-C4-C24-LIBRARY.mgf,0.789557,348900,0,1.4521,7,0.000518799,357.276,1,temp/spectra_filtered.mgf23297,1,Gln-C14:0,ESI,Orbitrap,Commercial,Dorrestein,Ipsita,M+H,357.275,356.268,1,,,CCCCCCCCCCCCCC(NC(C(O)=O)CCC(N)=O)=O,"InChI=1S/C19H36N2O4/c1-2-3-4-5-6-7-8-9-10-11-12-13-18(23)21-16(19(24)25)14-15-17(20)22/h16H,2-15H2,1H3,(H2,20,22)(H,21,23)(H,24,25)",,1,Positive,ECG-ACYL-AMIDES-C4-C24-LIBRARY,357.275,UPDATE-SINGLE-ANNOTATED-GOLD,Gold,,C19H36N2O4,GQCSFCKGCIEEJN-UHFFFAOYSA-N,GQCSFCKGCIEEJN,Organic acids and derivatives,Carboxylic acids and derivatives,"Amino acids, peptides, and analogues",Fatty amides,N-acyl amines,Fatty acids,mzspec:GNPS:GNPS-LIBRARY:CCMSLIB00011435350,H vs L,-1.3329188656394704,23297,357.2754847214428,23297,5.845114,23297,N-acyl-alpha amino acids,Gln-C14:0
30,1368,1.3270978749568576,Acne_L,0.0394787807877998,CCMSLIB00005883686,spectra_filtered.mgf,GNPS-LIBRARY.mgf,0.992042,12116000,0,2.31015,5,0.000305176,132.102,1,temp/spectra_filtered.mgf1368,1,ISOLEUCINE - 60.0 eV,ESI,Orbitrap,Isolated,Madeleine Ernst,Anna Abrahamsson,M+H,132.102,0.0,1,73-32-5,,CC[C@H](C)[C@H](N)C(O)=O,"InChI=1S/C6H13NO2/c1-3-4(2)5(7)6(8)9/h4-5H,3,7H2,1-2H3,(H,8,9)/t4-,5-/m0/s1",,1,Positive,GNPS-LIBRARY,132.102,UPDATE-SINGLE-ANNOTATED-GOLD,Gold,,C6H13NO2,AGPKZVBTJJNPAG-WHFBIAKZSA-N,AGPKZVBTJJNPAG,Organic acids and derivatives,Carboxylic acids and derivatives,"Amino acids, peptides, and analogues",Small peptides,Aminoacids,Amino acids and Peptides,mzspec:GNPS:GNPS-LIBRARY:CCMSLIB00005883686,H vs L,1.3270978749568576,1368,132.1017009045832,1368,0.71511286,1368,Alpha amino acids,Isoleucine
31,1119,1.3262957537256097,Acne_NL,-0.0394723886447705,CCMSLIB00003139223,spectra_filtered.mgf,GNPS-NIST14-MATCHES.mgf,0.990477,7603000,0,6.03373,6,0.00109863,182.081,1,temp/spectra_filtered.mgf1119,1,Spectral Match to L-Tyrosine from NIST14,ESI,qTof,Isolated,Data from James McKerrow,Data deposited by lamccall,M+H,182.082,181.074,1,60184,,C1=CC(=CC=C1C[C@@H](C(=O)O)N)O,"InChI=1S/C9H11NO3/c10-8(9(12)13)5-6-1-3-7(11)4-2-6/h1-4,8,11H,5,10H2,(H,12,13)/t8-/m0/s1",,3,Positive,GNPS-NIST14-MATCHES,182.082,UPDATE-SINGLE-ANNOTATED-BRONZE,Bronze,,C9H11NO3,OUYCCCASQSFEME-QMMMGPOBSA-N,OUYCCCASQSFEME,Organic acids and derivatives,Carboxylic acids and derivatives,"Amino acids, peptides, and analogues",Small peptides,Aminoacids,Amino acids and Peptides|Shikimates and Phenylpropanoids,mzspec:GNPS:GNPS-LIBRARY:CCMSLIB00003139223,NL vs L,-1.3262957537256097,1119,182.0809390963232,1119,0.6720225,1119,Alpha amino acids and derivatives,Tyrosine
32,954,1.325218828333521,Acne_L,0.0394228825220181,CCMSLIB00006119869,spectra_filtered.mgf,BIRMINGHAM-UHPLC-MS-POS.mgf,0.932302,34730000,0,2.3466,5,0.000305176,130.05,1,temp/spectra_filtered.mgf954,1,L-Pyroglutamic acid - 40.0 eV,ESI,Orbitrap,Isolated,PI,Data Collector,M+H,130.05,0.0,1,,,C1CC(=O)N[C@@H]1C(=O)O,"InChI=1S/C5H7NO3/c7-4-2-1-3(6-4)5(8)9/h3H,1-2H2,(H,6,7)(H,8,9)/t3-/m0/s1",,1,Positive,BIRMINGHAM-UHPLC-MS-POS,130.05,UPDATE-SINGLE-ANNOTATED-GOLD,Gold,,C5H7NO3,ODHCTXKNWHHXJC-VKHMYHEASA-N,ODHCTXKNWHHXJC,Organic acids and derivatives,Carboxylic acids and derivatives,"Amino acids, peptides, and analogues",Small peptides,Aminoacids,Amino acids and Peptides,mzspec:GNPS:GNPS-LIBRARY:CCMSLIB00006119869,H vs L,1.325218828333521,954,130.0497015678724,954,0.64796996,954,Proline and derivatives,Pyroglutamic acid
33,11925,1.3105064163405906,Acne_NL,-0.0390891292338603,CCMSLIB00012444038,spectra_filtered.mgf,MSNLIB-POSITIVE.mgf,0.886863,1756000,0,0.785191,11,0.000396729,505.264,1,temp/spectra_filtered.mgf11925,1,NCGC00380271-01,ESI,Orbitrap,Crude,Tomas Pluskal,Corinna Brungs,[M+H]+,505.264,504.257,1,,,CC1=CC(=O)CC(C)(C)C1CCC(C)O[C@@H]1O[C@H](CO[C@@H]2OC[C@@H](O)[C@H](O)[C@H]2O)[C@@H](O)[C@H](O)[C@H]1O,"InChI=1S/C24H40O11/c1-11-7-13(25)8-24(3,4)14(11)6-5-12(2)34-23-21(31)19(29)18(28)16(35-23)10-33-22-20(30)17(27)15(26)9-32-22/h7,12,14-23,26-31H,5-6,8-10H2,1-4H3/t12?,14?,15-,16-,17+,18-,19+,20-,21-,22+,23-/m1/s1",LYJZPTUVRHPVNB-WRZQMYAXSA-N,1,Positive,MSNLIB-POSITIVE,505.264,UPDATE-SINGLE-ANNOTATED-GOLD,Gold,,C24H40O11,LYJZPTUVRHPVNB-WRZQMYAXSA-N,LYJZPTUVRHPVNB,Lipids and lipid-like molecules,Fatty Acyls,Fatty acyl glycosides,Apocarotenoids,Apocarotenoids(ε-),Terpenoids,mzspec:GNPS:GNPS-LIBRARY:CCMSLIB00012444038,H vs NL,1.3105064163405906,11925,505.2636006162752,11925,3.5891602,11925,Alkyl glycosides,Alkyl glycoside
34,20967,1.2827851401970187,Acne_L,0.0381774528489282,CCMSLIB00006579779,spectra_filtered.mgf,BMDMS-NP.mgf,0.774153,1030500,0,2.53638,19,0.00109863,433.149,1,temp/spectra_filtered.mgf20967,1,"3,5,6,7,8,3',4'-Heptamethoxyflavone",ESI,Orbitrap,Commercial standard,BMDMS-NP,BMDMS-NP,[M+H]+,433.15,432.142,1,,,O=C1C(OC)=C(OC2=C(OC)C(OC)=C(OC)C(OC)=C12)C=3C=CC(OC)=C(OC)C3,"InChI=1S/C22H24O9/c1-24-12-9-8-11(10-13(12)25-2)16-19(27-4)15(23)14-17(26-3)20(28-5)22(30-7)21(29-6)18(14)31-16/h8-10H,1-7H3",,1,Positive,BMDMS-NP,433.15,UPDATE-SINGLE-ANNOTATED-GOLD,Gold,,C22H24O9,SSXJHQZOHUYEGD-UHFFFAOYSA-N,SSXJHQZOHUYEGD,Phenylpropanoids and polyketides,Flavonoids,O-methylated flavonoids,Flavonoids,Flavonols,Shikimates and Phenylpropanoids,mzspec:GNPS:GNPS-LIBRARY:CCMSLIB00006579779,NL vs L,1.2827851401970187,20967,433.1489335708381,20967,5.410203,20967,3-O-methylated flavonoids,Heptamethoxyflavone
35,941,1.2821940301640615,Healthy,-0.0381429719687541,CCMSLIB00006681721,spectra_filtered.mgf,MONA.mgf,0.804832,4820000,0,64.7442,5,0.00900269,139.041,1,temp/spectra_filtered.mgf941,1,UROCANIC ACID,ESI,qTof,isolated,MoNA,MoNA:MoNA031976,M+H,139.05,0.0,1,,,C(=C\C(=O)O)/C1=CN=CN1,"""InChI=1S/C6H6N2O2/c9-6(10)2-1-5-3-7-4-8-5/h1-4H,(H,7,8)(H,9,10)/b2-1+""",,3,positive,MONA,139.05,UPDATE-SINGLE-ANNOTATED-BRONZE,Bronze,,C6H6N2O2,LOIYMIARKYCTBW-OWOJBTEDSA-N,LOIYMIARKYCTBW,Organoheterocyclic compounds,Azoles,Imidazoles,,,Alkaloids,mzspec:GNPS:GNPS-LIBRARY:CCMSLIB00006681721,H vs L,-1.2821940301640615,941,139.04103360200014,941,0.6406374,941,Heteroaromatic compounds,Urocanic acid
36,7778,1.2815077137102948,Acne_L,0.0381225552855986,CCMSLIB00000579531,spectra_filtered.mgf,CASMI.mgf,0.968451,17502000,0,0.665722,8,0.000183105,275.048,1,temp/spectra_filtered.mgf7778,1,Phenylbenzimidazole sulfonic acid,LC-ESI,Orbitrap,Commercial,CASMI,CASMI2016,M+H,275.048,0.0,1,,74369.0,OS(=O)(=O)C1=CC=C2N=C(NC2=C1)C1=CC=CC=C1,"""InChI=1S/C13H10N2O3S/c16-19(17,18)10-6-7-11-12(8-10)15-13(14-11)9-4-2-1-3-5-9/h1-8H,(H,14,15)(H,16,17,18)""",,1," Positive",CASMI,275.048,UPDATE-SINGLE-ANNOTATED-GOLD,Gold,,C13H10N2O3S,UVCJGUGAGLDPAA-UHFFFAOYSA-N,UVCJGUGAGLDPAA,Organoheterocyclic compounds,Benzimidazoles,Phenylbenzimidazoles,,,Alkaloids,mzspec:GNPS:GNPS-LIBRARY:CCMSLIB00000579531,H vs L,1.2815077137102948,7778,275.048183735132,7778,2.761023,7778,Phenylbenzimidazoles,Phenylbenzimidazole sulfonic acid
37,5930,1.2732317227396792,Acne_L,0.0378763594024643,CCMSLIB00005883949,spectra_filtered.mgf,GNPS-LIBRARY.mgf,0.95486,4091900,0,0.520785,6,0.000106812,205.097,1,temp/spectra_filtered.mgf5930,1,D-TRYPTOPHAN - 60.0 eV,ESI,Orbitrap,Isolated,Madeleine Ernst,Anna Abrahamsson,M+H,205.097,0.0,1,153-94-6,,N[C@H](CC1=CNC2=CC=CC=C12)C(O)=O,"InChI=1S/C11H12N2O2/c12-9(11(14)15)5-7-6-13-10-4-2-1-3-8(7)10/h1-4,6,9,13H,5,12H2,(H,14,15)/t9-/m1/s1",,1,Positive,GNPS-LIBRARY,205.097,UPDATE-SINGLE-ANNOTATED-GOLD,Gold,,C11H12N2O2,QIVBCDIJIAJPQS-SECBINFHSA-N,QIVBCDIJIAJPQS,Organoheterocyclic compounds,Indoles and derivatives,Indolyl carboxylic acids and derivatives,Small peptides,Aminoacids,Amino acids and Peptides|Shikimates and Phenylpropanoids,mzspec:GNPS:GNPS-LIBRARY:CCMSLIB00005883949,H vs L,1.2732317227396792,5930,205.09691824672697,5930,2.0760007,5930,Alpha amino acids,Tryptophan
38,2969,1.2675442725177262,Acne_L,0.0377071679624122,CCMSLIB00005885034,spectra_filtered.mgf,GNPS-LIBRARY.mgf,0.971869,11500000,0,0.64311,5,0.000106812,166.086,1,temp/spectra_filtered.mgf2969,1,Phenylalanine - 50.00 eV,ESI,Orbitrap,Isolated,Madeleine Ernst,Anna Abrahamsson,M+H,166.086,0.0,1,63-91-2,,N[C@@H](CC1=CC=CC=C1)C(O)=O,"InChI=1S/C9H11NO2/c10-8(9(11)12)6-7-4-2-1-3-5-7/h1-5,8H,6,10H2,(H,11,12)/t8-/m0/s1",,1,Positive,GNPS-LIBRARY,166.086,UPDATE-SINGLE-ANNOTATED-GOLD,Gold,,C9H11NO2,COLNVLDHVKWLRT-QMMMGPOBSA-N,COLNVLDHVKWLRT,Organic acids and derivatives,Carboxylic acids and derivatives,"Amino acids, peptides, and analogues",Small peptides,Aminoacids,Amino acids and Peptides|Shikimates and Phenylpropanoids,mzspec:GNPS:GNPS-LIBRARY:CCMSLIB00005885034,H vs L,1.2675442725177262,2969,166.0861090072681,2969,0.9777797,2969,Phenylalanine and derivatives,Phenylalanine
39,655,1.2102389421279782,Healthy,0.0360984012156078,CCMSLIB00006681721,spectra_filtered.mgf,MONA.mgf,0.804832,4820000,0,62.5495,5,0.00869751,139.059,1,temp/spectra_filtered.mgf655,1,UROCANIC ACID,ESI,qTof,isolated,MoNA,MoNA:MoNA031976,M+H,139.05,0.0,1,,,C(=C\C(=O)O)/C1=CN=CN1,"""InChI=1S/C6H6N2O2/c9-6(10)2-1-5-3-7-4-8-5/h1-4H,(H,7,8)(H,9,10)/b2-1+""",,3,positive,MONA,139.05,UPDATE-SINGLE-ANNOTATED-BRONZE,Bronze,,C6H6N2O2,LOIYMIARKYCTBW-OWOJBTEDSA-N,LOIYMIARKYCTBW,Organoheterocyclic compounds,Azoles,Imidazoles,,,Alkaloids,mzspec:GNPS:GNPS-LIBRARY:CCMSLIB00006681721,H vs NL,-1.2102389421279782,655,139.05870282439906,655,0.6315576,655,Organonitrogen compounds,Urocanic acid
40,5062,1.186187365820897,Acne_L,0.0352869459534198,CCMSLIB00006113962,spectra_filtered.mgf,BIRMINGHAM-UHPLC-MS-POS.mgf,0.836628,432000,0,3.91326,5,0.000595093,152.07,1,temp/spectra_filtered.mgf5062,1,Paracetamol - 40.0 eV,ESI,Orbitrap,Isolated,PI,Data Collector,M+H,152.071,0.0,1,,,CC(=O)Nc1ccc(cc1)O,"InChI=1S/C8H9NO2/c1-6(10)9-7-2-4-8(11)5-3-7/h2-5,11H,1H3,(H,9,10)",,1,Positive,BIRMINGHAM-UHPLC-MS-POS,152.071,UPDATE-SINGLE-ANNOTATED-GOLD,Gold,,C8H9NO2,RZVAJINKPMORJF-UHFFFAOYSA-N,RZVAJINKPMORJF,Benzenoids,Phenols,1-hydroxy-2-unsubstituted benzenoids,Small peptides,Aminoacids,Amino acids and Peptides|Shikimates and Phenylpropanoids,mzspec:GNPS:GNPS-LIBRARY:CCMSLIB00006113962,H vs L,1.186187365820897,5062,152.07043726413852,5062,1.6221956,5062,Acetanilides,Paracetamol
41,777,1.1398877537203538,Healthy,-0.033909615561163,CCMSLIB00005735151,spectra_filtered.mgf,MASSBANK.mgf,0.981793,3738000,0,3.64812,7,0.000595093,163.122,1,temp/spectra_filtered.mgf777,1,Massbank:EQ300804 Nicotine|3-[(2S)-1-methylpyrrolidin-2-yl]pyridine|3-[(2S)-1-methyl-2-pyrrolidinyl]pyridine,ESI,Hybrid FT,Isolated,Massbank,Massbank,M+H,163.123,0.0,1,54-11-5,,n1cc(ccc1)[C@H]2N(C)CCC2,"1S/C10H14N2/c1-12-7-3-5-10(12)9-4-2-6-11-8-9/h2,4,6,8,10H,3,5,7H2,1H3/t10-/m0/s1",,3,Positive,MASSBANK,163.123,UPDATE-SINGLE-ANNOTATED-BRONZE,Bronze,,C10H14N2,SNICXCGAKADSCV-JTQLQIEISA-N,SNICXCGAKADSCV,Organoheterocyclic compounds,Pyridines and derivatives,Pyrrolidinylpyridines,Nicotinic acid alkaloids,Pyridine alkaloids,Alkaloids,mzspec:GNPS:GNPS-LIBRARY:CCMSLIB00005735151,H vs L,-1.1398877537203538,777,163.12241571894097,777,0.634317,777,Pyrrolidinylpyridines,Nicotine
42,19710,1.1134232682071663,Acne_L,0.0331370102372327,CCMSLIB00012349528,spectra_filtered.mgf,MSNLIB-POSITIVE.mgf,0.764561,651600,0,1.7411,14,0.000701904,403.138,1,temp/spectra_filtered.mgf19710,1,Nobiletin,ESI,Orbitrap,Crude,Tomas Pluskal,Corinna Brungs,[M+H]+,403.139,402.131,1,,,COc1c(OC)cc(-c2cc(=O)c3c(o2)c(OC)c(OC)c(OC)c3OC)cc1,"InChI=1S/C21H22O8/c1-23-13-8-7-11(9-15(13)24-2)14-10-12(22)16-17(25-3)19(26-4)21(28-6)20(27-5)18(16)29-14/h7-10H,1-6H3",MRIAQLRQZPPODS-UHFFFAOYSA-N,1,Positive,MSNLIB-POSITIVE,403.139,UPDATE-SINGLE-ANNOTATED-GOLD,Gold,,C21H22O8,MRIAQLRQZPPODS-UHFFFAOYSA-N,MRIAQLRQZPPODS,Phenylpropanoids and polyketides,Flavonoids,O-methylated flavonoids,Flavonoids,Flavones,Shikimates and Phenylpropanoids,mzspec:GNPS:GNPS-LIBRARY:CCMSLIB00012349528,NL vs L,1.1134232682071663,19710,403.1382539611153,19710,5.258404,19710,5-O-methylated flavonoids,Nobiletin
43,3496,1.1091589408939777,Healthy,0.0330834375481825,CCMSLIB00012352302,spectra_filtered.mgf,MSNLIB-POSITIVE.mgf,0.915397,4971000,0,2.96087,6,0.000610352,206.138,1,temp/spectra_filtered.mgf3496,1,DL-Panthenol,ESI,Orbitrap,Crude,Tomas Pluskal,Corinna Brungs,[M+H]+,206.139,205.131,1,,,CC(C)(CO)C(O)C(=O)NCCCO,"InChI=1S/C9H19NO4/c1-9(2,6-12)7(13)8(14)10-4-3-5-11/h7,11-13H,3-6H2,1-2H3,(H,10,14)",SNPLKNRPJHDVJA-UHFFFAOYSA-N,1,Positive,MSNLIB-POSITIVE,206.139,UPDATE-SINGLE-ANNOTATED-GOLD,Gold,,C9H19NO4,SNPLKNRPJHDVJA-UHFFFAOYSA-N,SNPLKNRPJHDVJA,Lipids and lipid-like molecules,Fatty Acyls,Fatty amides,Fatty amides,N-acyl amines,Fatty acids,mzspec:GNPS:GNPS-LIBRARY:CCMSLIB00012352302,H vs NL,-1.1091589408939777,3496,206.1384471773691,3496,1.1194918,3496,N-acyl amines,Panthenol
44,23297,1.0895751896014796,Acne_NL,-0.0324272585664531,CCMSLIB00011435350,spectra_filtered.mgf,ECG-ACYL-AMIDES-C4-C24-LIBRARY.mgf,0.789557,348900,0,1.4521,7,0.000518799,357.276,1,temp/spectra_filtered.mgf23297,1,Gln-C14:0,ESI,Orbitrap,Commercial,Dorrestein,Ipsita,M+H,357.275,356.268,1,,,CCCCCCCCCCCCCC(NC(C(O)=O)CCC(N)=O)=O,"InChI=1S/C19H36N2O4/c1-2-3-4-5-6-7-8-9-10-11-12-13-18(23)21-16(19(24)25)14-15-17(20)22/h16H,2-15H2,1H3,(H2,20,22)(H,21,23)(H,24,25)",,1,Positive,ECG-ACYL-AMIDES-C4-C24-LIBRARY,357.275,UPDATE-SINGLE-ANNOTATED-GOLD,Gold,,C19H36N2O4,GQCSFCKGCIEEJN-UHFFFAOYSA-N,GQCSFCKGCIEEJN,Organic acids and derivatives,Carboxylic acids and derivatives,"Amino acids, peptides, and analogues",Fatty amides,N-acyl amines,Fatty acids,mzspec:GNPS:GNPS-LIBRARY:CCMSLIB00011435350,NL vs L,-1.0895751896014796,23297,357.2754847214428,23297,5.845114,23297,N-acyl-alpha amino acids,Gln-C14:0
45,11925,1.0798473571264071,Acne_L,0.0321235214830438,CCMSLIB00012444038,spectra_filtered.mgf,MSNLIB-POSITIVE.mgf,0.886863,1756000,0,0.785191,11,0.000396729,505.264,1,temp/spectra_filtered.mgf11925,1,NCGC00380271-01,ESI,Orbitrap,Crude,Tomas Pluskal,Corinna Brungs,[M+H]+,505.264,504.257,1,,,CC1=CC(=O)CC(C)(C)C1CCC(C)O[C@@H]1O[C@H](CO[C@@H]2OC[C@@H](O)[C@H](O)[C@H]2O)[C@@H](O)[C@H](O)[C@H]1O,"InChI=1S/C24H40O11/c1-11-7-13(25)8-24(3,4)14(11)6-5-12(2)34-23-21(31)19(29)18(28)16(35-23)10-33-22-20(30)17(27)15(26)9-32-22/h7,12,14-23,26-31H,5-6,8-10H2,1-4H3/t12?,14?,15-,16-,17+,18-,19+,20-,21-,22+,23-/m1/s1",LYJZPTUVRHPVNB-WRZQMYAXSA-N,1,Positive,MSNLIB-POSITIVE,505.264,UPDATE-SINGLE-ANNOTATED-GOLD,Gold,,C24H40O11,LYJZPTUVRHPVNB-WRZQMYAXSA-N,LYJZPTUVRHPVNB,Lipids and lipid-like molecules,Fatty Acyls,Fatty acyl glycosides,Apocarotenoids,Apocarotenoids(ε-),Terpenoids,mzspec:GNPS:GNPS-LIBRARY:CCMSLIB00012444038,H vs L,1.0798473571264071,11925,505.2636006162752,11925,3.5891602,11925,Alkyl glycosides,Alkyl glycoside
46,1119,1.0467235758277171,Acne_NL,-0.0312211467395246,CCMSLIB00003139223,spectra_filtered.mgf,GNPS-NIST14-MATCHES.mgf,0.990477,7603000,0,6.03373,6,0.00109863,182.081,1,temp/spectra_filtered.mgf1119,1,Spectral Match to L-Tyrosine from NIST14,ESI,qTof,Isolated,Data from James McKerrow,Data deposited by lamccall,M+H,182.082,181.074,1,60184,,C1=CC(=CC=C1C[C@@H](C(=O)O)N)O,"InChI=1S/C9H11NO3/c10-8(9(12)13)5-6-1-3-7(11)4-2-6/h1-4,8,11H,5,10H2,(H,12,13)/t8-/m0/s1",,3,Positive,GNPS-NIST14-MATCHES,182.082,UPDATE-SINGLE-ANNOTATED-BRONZE,Bronze,,C9H11NO3,OUYCCCASQSFEME-QMMMGPOBSA-N,OUYCCCASQSFEME,Organic acids and derivatives,Carboxylic acids and derivatives,"Amino acids, peptides, and analogues",Small peptides,Aminoacids,Amino acids and Peptides|Shikimates and Phenylpropanoids,mzspec:GNPS:GNPS-LIBRARY:CCMSLIB00003139223,H vs NL,1.0467235758277171,1119,182.0809390963232,1119,0.6720225,1119,Alpha amino acids and derivatives,Tyrosine
