SLC,sample_mag,organism_type,taxonomy,c. acnes,LAMI_RD308_D9_C3_S18_L005,LAMI_RD306_D28_C3_S12_L005,LAMI_RD310_D16_C2_S22_L005,LAMI_RD304_D14_C3_S4_L005,LAMI_RD304_D11_C1_S3_L005,LAMI_RD306_D14_C3_S10_L005,LAMI_RD308_D0_C3_S14_L005,LAMI_RD306_D23_C1_S11_L005,LAMI_RD308_D23_C2_S17_L005,LAMI_RD310_D7_C3_S24_L005,LAMI_RD304_D7_C1_S6_L005,LAMI_RD308_D11_C2_S15_L005,LAMI_RD306_D0_C3_S7_L005,LAMI_RD304_D0_C3_S2_L005,LAMI_RD304_D28_C3_S5_L005,LAMI_RD308_D0_C2_S13_L005,LAMI_RD310_D0_C2_S19_L005,LAMI_RD306_D11_C1_S8_L005,LAMI_RD310_D0_C3_S20_L005,LAMI_RD310_D14_C3_S21_L005,LAMI_RD306_D14_C1_S9_L005,LAMI_RD310_D21_C2_S23_L005,LAMI_RD308_D14_C3_S16_L005,LAMI_RD304_D0_C1_S1_L005
PSLC-1,LAMI_RD306_D0_C3_S7_L005__MAXBIN2-40__P.1__bin.001,prokaryotic,d__Bacteria;p__Actinomycetota;c__Actinomycetia;o__Propionibacteriales;f__Propionibacteriaceae;g__Cutibacterium;s__Cutibacterium acnes, C. acnes Type IA (MAG 1),777667,1513946,19467,127037,5905,1529048,63022,1186104,450121,19208,129905,738290,959939,127246,362236,1811,196880,825942,372845,441798,83571,196812,782381,111499
PSLC-2,LAMI_RD306_D0_C3_S7_L005__METABAT2__P.1__bin.2,prokaryotic,d__Bacteria;p__Actinomycetota;c__Actinomycetia;o__Propionibacteriales;f__Propionibacteriaceae;g__Cutibacterium;s__Cutibacterium granulosum,,14720,171159,1374,21838,896,79884,617,10286,7022,1442,26689,9727,131565,24080,60647,27,20516,65240,26311,13760,5157,28370,7988,23177
PSLC-7,LAMI_RD306_D11_C1_S8_L005__CONCOCT__P.1__14_sub,prokaryotic,d__Bacteria;p__Pseudomonadota;c__Gammaproteobacteria;o__Enterobacterales_A;f__Alteromonadaceae;g__Pseudoalteromonas;s__Pseudoalteromonas nigrifaciens,,5,74,0,35,1,311,1,7,11,1,25,2,91,59,57,0,1,102859,5,1,22,13,1,35
PSLC-11,LAMI_RD306_D11_C1_S8_L005__CONCOCT__P.1__26,prokaryotic,d__Bacteria;p__Pseudomonadota;c__Gammaproteobacteria;o__Pseudomonadales;f__Marinomonadaceae;g__Marinomonas;s__,,31,69,0,3,0,373,0,0,13,0,10,25,287,0,4,0,1,764138,0,0,25,0,3,1
PSLC-3,LAMI_RD306_D11_C1_S8_L005__CONCOCT__P.1__27,prokaryotic,d__Bacteria;p__Actinomycetota;c__Actinomycetia;o__Mycobacteriales;f__Mycobacteriaceae;g__Lawsonella;s__Lawsonella cleavelandensis_A,,1217,72530,123,7890,258,344032,47,16070,54709,60,4739,2274,79404,1836,4476,4,661,94133,819,446,11267,970,635,2289
VSLC-8,LAMI_RD306_D11_C1_S8_L005__GENOMAD__Virus.1,viral,Viruses;Duplodnaviria;Heunggongvirae;Uroviricota;Caudoviricetes,,6,21146,9,116,7,21541,0,1579,77,2,22,19,1896,5,39,0,12,64879,13,24,801,22,10,27
VSLC-9,LAMI_RD306_D11_C1_S8_L005__GENOMAD__Virus.2,viral,Viruses;Monodnaviria;Shotokuvirae;Cossaviricota;Papovaviricetes;Zurhausenvirales;Papillomaviridae,,0,3,0,0,0,5,0,1719,0,0,0,0,6,0,0,0,0,878,0,0,0,0,0,0
VSLC-4,LAMI_RD306_D11_C1_S8_L005__GENOMAD__Virus.3,viral,Viruses;Monodnaviria;Shotokuvirae;Cossaviricota;Papovaviricetes;Zurhausenvirales;Papillomaviridae,,0,5440,0,0,0,77,0,7,0,0,0,0,59,0,0,0,0,1956,0,0,19,0,0,0
VSLC-7,LAMI_RD306_D11_C1_S8_L005__GENOMAD__Virus.4,viral,Viruses;Monodnaviria;Shotokuvirae;Cossaviricota;Papovaviricetes;Zurhausenvirales;Papillomaviridae,,0,789,0,0,0,14,0,1,0,0,0,0,0,0,0,0,0,419,0,0,0,0,0,5
PSLC-1,LAMI_RD306_D11_C1_S8_L005__MAXBIN2-40__P.1__bin.001,prokaryotic,d__Bacteria;p__Actinomycetota;c__Actinomycetia;o__Propionibacteriales;f__Propionibacteriaceae;g__Cutibacterium;s__Cutibacterium acnes, C. acnes Type IA (MAG 2),775594,1522344,19719,127811,5994,1533464,63354,1197434,448513,19132,129716,736462,964023,126707,362942,1809,198453,832734,374919,447003,84130,197854,783524,111435
PSLC-5,LAMI_RD306_D11_C1_S8_L005__METABAT2__P.1__bin.11_sub,prokaryotic,d__Bacteria;p__Pseudomonadota;c__Gammaproteobacteria;o__Enterobacterales_A;f__Celerinatantimonadaceae;g__Celerinatantimonas;s__,,7,60,2,23,1,141,1,13,9,0,22,20,6,43,54,0,0,170038,5,4,8,18,0,25
PSLC-2,LAMI_RD306_D11_C1_S8_L005__METABAT2__P.1__bin.4,prokaryotic,d__Bacteria;p__Actinomycetota;c__Actinomycetia;o__Propionibacteriales;f__Propionibacteriaceae;g__Cutibacterium;s__Cutibacterium granulosum,,11264,203091,645,13709,504,89366,541,9645,7182,571,15991,7986,82703,12024,33556,21,7756,84393,10383,5691,6270,11608,6522,14486
PSLC-6,LAMI_RD306_D11_C1_S8_L005__METABAT2__P.1__bin.7,prokaryotic,d__Bacteria;p__Pseudomonadota;c__Gammaproteobacteria;o__Pseudomonadales;f__Moraxellaceae;g__Psychrobacter;s__,,3,30,0,0,2,369,0,2,6,0,9,5,65,1,4,0,1,431658,1,2,4,0,0,11
PSLC-16,LAMI_RD306_D11_C1_S8_L005__METABAT2__P.1__bin.8_sub,prokaryotic,d__Bacteria;p__Pseudomonadota;c__Gammaproteobacteria;o__Pseudomonadales;f__Moraxellaceae;g__Psychrobacter;s__Psychrobacter celer,,0,17,0,0,4,336,0,0,0,0,3,1,24,2,9,0,0,94038,5,1,3,0,0,3
VSLC-15,LAMI_RD306_D14_C1_S9_L005__GENOMAD__Virus.1,viral,Viruses;Monodnaviria;Shotokuvirae;Cossaviricota;Papovaviricetes;Zurhausenvirales;Papillomaviridae,,0,381,0,0,0,276,0,1,0,0,0,0,56,0,0,0,0,119,0,0,75854,0,0,0
VSLC-2,LAMI_RD306_D14_C1_S9_L005__GENOMAD__Virus.2,viral,Viruses;Monodnaviria;Shotokuvirae;Cossaviricota;Papovaviricetes;Zurhausenvirales;Papillomaviridae,,7,45,0,2,0,21375,0,0,0,0,24,0,4,0,0,0,0,12,0,0,266,0,0,2
PSLC-1,LAMI_RD306_D14_C1_S9_L005__MAXBIN2-107__P.1__bin.001,prokaryotic,d__Bacteria;p__Actinomycetota;c__Actinomycetia;o__Propionibacteriales;f__Propionibacteriaceae;g__Cutibacterium;s__Cutibacterium acnes, C. acnes Type IA (MAG 3),788086,1544556,20344,131326,6190,1559337,63969,1210542,457334,19473,132552,754114,976133,130910,374395,1850,201364,844942,378610,457067,85865,201885,793252,114153
PSLC-4,LAMI_RD306_D14_C3_S10_L005__CONCOCT__P.1__23,prokaryotic,d__Bacteria;p__Actinomycetota;c__Actinomycetia;o__Mycobacteriales;f__Mycobacteriaceae;g__Corynebacterium;s__Corynebacterium sp943914355,,7152,51279,895,7312,378,61542,328,10176,4579,945,8697,6144,12200,9735,19663,10,30487,20300,32484,9461,4391,27084,2602,9553
VSLC-5,LAMI_RD306_D14_C3_S10_L005__GENOMAD__Virus.1,viral,Viruses;Duplodnaviria;Heunggongvirae;Uroviricota;Caudoviricetes,,1,6116,0,2,0,5845,0,87,0,0,0,0,60,0,0,0,0,3832,0,0,607,0,0,0
VSLC-8,LAMI_RD306_D14_C3_S10_L005__GENOMAD__Virus.2,viral,Viruses;Duplodnaviria;Heunggongvirae;Uroviricota;Caudoviricetes,,4,21522,19,116,5,22609,0,1657,78,1,18,28,1784,9,51,0,15,61961,22,32,807,26,18,25
VSLC-1,LAMI_RD306_D14_C3_S10_L005__GENOMAD__Virus.3,viral,Viruses;Monodnaviria;Shotokuvirae;Cossaviricota;Papovaviricetes;Zurhausenvirales;Papillomaviridae,,0,69402,0,8,1,628,0,0,0,0,19,0,0,24,27,1,28,7,77,1,0,2,0,100
VSLC-2,LAMI_RD306_D14_C3_S10_L005__GENOMAD__Virus.4,viral,Viruses;Monodnaviria;Shotokuvirae;Cossaviricota;Papovaviricetes;Zurhausenvirales;Papillomaviridae,,7,61,0,2,0,21660,0,2,0,0,29,0,1,0,0,0,0,11,0,0,236,0,0,5
PSLC-1,LAMI_RD306_D14_C3_S10_L005__MAXBIN2-107__P.1__bin.001,prokaryotic,d__Bacteria;p__Actinomycetota;c__Actinomycetia;o__Propionibacteriales;f__Propionibacteriaceae;g__Cutibacterium;s__Cutibacterium acnes, C. acnes Type IA (MAG 4),780834,1535993,19895,128011,5951,1551302,63556,1199449,452006,19203,129660,739136,971058,126943,363097,1869,200068,839140,377336,451537,85088,197051,787833,111607
PSLC-3,LAMI_RD306_D14_C3_S10_L005__MAXBIN2-107__P.1__bin.002,prokaryotic,d__Bacteria;p__Actinomycetota;c__Actinomycetia;o__Mycobacteriales;f__Mycobacteriaceae;g__Lawsonella;s__Lawsonella cleavelandensis_A,,10868,90583,487,11157,502,366421,733,24828,61526,399,7606,11712,89553,5291,11542,36,3511,103457,5457,3555,11976,4040,9886,4444
PSLC-14,LAMI_RD306_D14_C3_S10_L005__MAXBIN2-40__P.1__bin.006_sub,prokaryotic,d__Bacteria;p__Pseudomonadota;c__Gammaproteobacteria;o__Burkholderiales;f__Neisseriaceae;g__Neisseria;s__Neisseria cerebrosa,,10119,37083,314,8911,459,58084,137,4941,12085,135,7697,2893,11589,11406,16533,12,2141,21337,2017,1464,5717,3839,935,8384
ESLC-1,LAMI_RD306_D14_C3_S10_L005__METABAT2__E.1__bin.1,eukaryotic,c__Malasseziomycetes;o__Malasseziales;f__Malasseziaceae;g__Malassezia;s__,,40136,206594,4241,25386,1741,462001,235,20355,12087,382,69530,36582,189908,78911,49517,19,28858,145353,14719,31005,22119,21282,10810,76915
PSLC-2,LAMI_RD306_D14_C3_S10_L005__METABAT2__P.1__bin.8,prokaryotic,d__Bacteria;p__Actinomycetota;c__Actinomycetia;o__Propionibacteriales;f__Propionibacteriaceae;g__Cutibacterium;s__Cutibacterium granulosum,,4970,217267,880,9452,293,97901,503,23466,5580,1011,10655,3498,84521,5662,18737,8,14253,76479,18046,8829,6407,19648,2476,10619
PSLC-4,LAMI_RD306_D23_C1_S11_L005__CONCOCT__P.1__4,prokaryotic,d__Bacteria;p__Actinomycetota;c__Actinomycetia;o__Mycobacteriales;f__Mycobacteriaceae;g__Corynebacterium;s__Corynebacterium kefirresidentii,,5912,78955,621,12093,504,31670,146,159841,20475,98,34086,4498,14194,14255,27350,18,5468,30752,3545,8008,3307,8615,2134,16501
VSLC-9,LAMI_RD306_D23_C1_S11_L005__GENOMAD__Virus.1,viral,Viruses;Monodnaviria;Shotokuvirae;Cossaviricota;Papovaviricetes;Zurhausenvirales;Papillomaviridae,,0,4,0,0,0,3,0,1774,0,0,0,0,12,0,0,0,0,937,0,0,2,0,0,0
PSLC-1,LAMI_RD306_D23_C1_S11_L005__MAXBIN2-40__P.1__bin.001,prokaryotic,d__Bacteria;p__Actinomycetota;c__Actinomycetia;o__Propionibacteriales;f__Propionibacteriaceae;g__Cutibacterium;s__Cutibacterium acnes, C. acnes Type IA (MAG 5),901353,981993,15592,120927,6642,1020013,71516,1343335,516896,14697,138987,890602,628349,146865,421960,2453,152467,557413,273568,301208,55632,162549,870057,120580
PSLC-12,LAMI_RD306_D23_C1_S11_L005__METABAT2__P.1__bin.2,prokaryotic,d__Bacteria;p__Pseudomonadota;c__Gammaproteobacteria;o__Burkholderiales;f__Neisseriaceae;g__QFNR01;s__QFNR01 sp003248485,,461,184,185,30,50,256,81,84185,4030,5,52,1670,125,17,27,3,70,336,33,14,33,191,211,44
PSLC-3,LAMI_RD306_D28_C3_S12_L005__CONCOCT__P.1__8_sub,prokaryotic,d__Bacteria;p__Actinomycetota;c__Actinomycetia;o__Mycobacteriales;f__Mycobacteriaceae;g__Lawsonella;s__Lawsonella cleavelandensis_A,,968,52557,108,5956,177,280871,122,19077,43674,41,3146,2370,57775,933,2145,5,191,75789,147,229,8743,263,960,1246
PSLC-4,LAMI_RD306_D28_C3_S12_L005__CONCOCT__P.5__28_sub,prokaryotic,d__Bacteria;p__Actinomycetota;c__Actinomycetia;o__Mycobacteriales;f__Mycobacteriaceae;g__Corynebacterium;s__,,19586,88989,1462,5620,323,60334,1469,54227,13848,1525,12157,17537,22055,7459,14685,37,43165,26550,45077,16412,5129,42754,13707,10504
VSLC-5,LAMI_RD306_D28_C3_S12_L005__GENOMAD__Virus.1,viral,Viruses;Duplodnaviria;Heunggongvirae;Uroviricota;Caudoviricetes,,0,6069,0,1,0,5769,0,84,0,0,0,0,86,0,1,0,0,3898,0,0,557,0,0,0
VSLC-7,LAMI_RD306_D28_C3_S12_L005__GENOMAD__Virus.2,viral,Viruses;Monodnaviria;Shotokuvirae;Cossaviricota;Papovaviricetes;Zurhausenvirales;Papillomaviridae,,0,979,0,0,0,9,0,1,0,0,0,0,0,0,0,0,0,537,0,0,0,0,0,13
VSLC-1,LAMI_RD306_D28_C3_S12_L005__GENOMAD__Virus.3,viral,Viruses;Monodnaviria;Shotokuvirae;Cossaviricota;Papovaviricetes;Zurhausenvirales;Papillomaviridae,,0,69199,0,14,2,614,0,0,0,0,11,0,0,16,34,1,26,12,54,3,0,0,0,83
VSLC-4,LAMI_RD306_D28_C3_S12_L005__GENOMAD__Virus.4,viral,Viruses;Monodnaviria;Shotokuvirae;Cossaviricota;Papovaviricetes;Zurhausenvirales;Papillomaviridae,,0,5304,0,0,0,82,0,15,0,0,0,0,40,0,0,0,0,1909,0,0,16,0,0,0
PSLC-1,LAMI_RD306_D28_C3_S12_L005__MAXBIN2-107__P.1__bin.001,prokaryotic,d__Bacteria;p__Actinomycetota;c__Actinomycetia;o__Propionibacteriales;f__Propionibacteriaceae;g__Cutibacterium;s__Cutibacterium acnes, C. acnes Type IA (MAG 6),772539,1517019,19530,125088,5830,1528614,63224,1190296,446426,18995,127238,734864,961946,124428,356613,1782,195437,826306,368824,446245,83269,193424,777440,109765
PSLC-2,LAMI_RD306_D28_C3_S12_L005__MAXBIN2-107__P.1__bin.002,prokaryotic,d__Bacteria;p__Actinomycetota;c__Actinomycetia;o__Propionibacteriales;f__Propionibacteriaceae;g__Cutibacterium;s__Cutibacterium granulosum,,16508,385844,701,12671,460,192157,1110,23424,20003,350,14668,8964,124470,8827,22834,6,6419,120717,8419,5643,11667,7504,12719,13127
PSLC-13,LAMI_RD306_D28_C3_S12_L005__MAXBIN2-107__P.2__bin.002_sub,prokaryotic,d__Bacteria;p__Actinomycetota;c__Actinomycetia;o__Mycobacteriales;f__Mycobacteriaceae;g__Corynebacterium;s__Corynebacterium sp915275065,,25899,115498,1089,12747,754,52893,1126,21335,20502,1328,13181,19095,15295,12879,32092,74,12079,26697,17690,11437,84231,16401,13702,10236
PSLC-9,LAMI_RD306_D28_C3_S12_L005__MAXBIN2-107__P.2__bin.003,prokaryotic,d__Bacteria;p__Actinomycetota;c__Actinomycetia;o__Actinomycetales;f__Actinomycetaceae;g__Actinomyces;s__,,59900,128229,1130,28660,1101,77769,711,12427,51276,879,24919,12898,51785,24024,43361,46,21021,49271,18545,10143,9174,28802,7033,22075
PSLC-8,LAMI_RD306_D28_C3_S12_L005__METABAT2__P.1__bin.10,prokaryotic,d__Bacteria;p__Actinomycetota;c__Actinomycetia;o__Actinomycetales;f__Micrococcaceae;g__Micrococcus;s__Micrococcus luteus,,58697,151610,587,9970,899,42540,1347,7976,22084,98,32463,28873,52271,11313,36407,64,44501,52410,14322,2178,4226,7483,9357,24638
PSLC-1,LAMI_RD308_D0_C3_S14_L005__CONCOCT__P.1__33,prokaryotic,d__Bacteria;p__Actinomycetota;c__Actinomycetia;o__Propionibacteriales;f__Propionibacteriaceae;g__Cutibacterium;s__Cutibacterium acnes, C. acnes Type IB (MAG 7),1198336,766189,16505,162529,9459,793535,84160,1280577,637993,14708,204610,1187150,501583,225083,627653,3384,175952,436994,277259,262593,43103,199691,1099965,177293
PSLC-1,LAMI_RD308_D11_C2_S15_L005__MAXBIN2-107__P.1__bin.001,prokaryotic,d__Bacteria;p__Actinomycetota;c__Actinomycetia;o__Propionibacteriales;f__Propionibacteriaceae;g__Cutibacterium;s__Cutibacterium acnes, C. acnes Type IB (MAG 8),1270683,771643,17879,184999,10742,803676,88604,1310009,675108,16482,229156,1262539,505675,253062,697855,3676,195881,443438,303719,278770,43281,226908,1166542,197660
PSLC-1,LAMI_RD308_D14_C3_S16_L005__METABAT2__P.1__bin.1,prokaryotic,d__Bacteria;p__Actinomycetota;c__Actinomycetia;o__Propionibacteriales;f__Propionibacteriaceae;g__Cutibacterium;s__Cutibacterium acnes, C. acnes Type IB (MAG 9),1215356,722464,15791,160657,9393,752914,84276,1248990,643518,14109,201990,1200485,474844,223837,625667,3313,167269,416196,264908,250947,40790,191164,1112826,176692
PSLC-15,LAMI_RD308_D23_C2_S17_L005__CONCOCT__P.1__1,prokaryotic,d__Bacteria;p__Bacteroidota;c__Bacteroidia;o__Bacteroidales;f__Bacteroidaceae;g__Alloprevotella;s__Alloprevotella sp015259235,,3680,1263,15,4124,304,6394,28,1036,418962,0,29,3860,134,39,630,21,7,8099,0,7,401,0,699,91
PSLC-3,LAMI_RD308_D23_C2_S17_L005__CONCOCT__P.1__17,prokaryotic,d__Bacteria;p__Actinomycetota;c__Actinomycetia;o__Mycobacteriales;f__Mycobacteriaceae;g__Lawsonella;s__Lawsonella cleavelandensis_A,,2790,71135,325,10691,358,340068,209,25963,74060,257,6929,3921,78755,4021,9706,10,3103,93141,3630,2043,11235,4450,1788,4258
PSLC-17,LAMI_RD308_D23_C2_S17_L005__CONCOCT__P.1__3_sub,prokaryotic,d__Bacteria;p__Bacillota;c__Bacilli;o__Lactobacillales;f__Streptococcaceae;g__Streptococcus;s__Streptococcus mitis_AC,,11842,5756,64,18960,243,7516,71,632,83717,3,169,4303,1402,328,1495,25,160,6435,130,381,550,425,534,626
VSLC-10,LAMI_RD308_D23_C2_S17_L005__GENOMAD__Virus.1,viral,Viruses;Duplodnaviria;Heunggongvirae;Uroviricota;Caudoviricetes,,11,731,31,202,14,2199,32,3546,6157,2,32,89,24,9,67,2,0,1192,25,23,93,20,325,49
VSLC-13,LAMI_RD308_D23_C2_S17_L005__GENOMAD__Virus.2,viral,Viruses;Duplodnaviria;Heunggongvirae;Uroviricota;Caudoviricetes,,342,0,0,0,0,0,0,1,6966,0,0,23,0,0,0,0,0,0,0,0,0,0,11,0
PSLC-1,LAMI_RD308_D23_C2_S17_L005__MAXBIN2-107__P.1__bin.001,prokaryotic,d__Bacteria;p__Actinomycetota;c__Actinomycetia;o__Propionibacteriales;f__Propionibacteriaceae;g__Cutibacterium;s__Cutibacterium acnes, C. acnes Type IB (MAG 10),1224186,763109,16325,165837,9659,791185,85623,1281362,651978,14755,208925,1202383,498637,229241,638399,3477,178087,436281,279675,261011,42871,201668,1120725,181934
PSLC-10,LAMI_RD308_D23_C2_S17_L005__MAXBIN2-107__P.1__bin.006_sub,prokaryotic,d__Bacteria;p__Bacteroidota;c__Bacteroidia;o__Bacteroidales;f__Porphyromonadaceae;g__Porphyromonas;s__Porphyromonas pasteri,,5598,2532,365,2652,200,12590,35,740,71144,279,1054,2798,1016,558,1553,1,7877,4547,5054,3970,1899,10940,343,1101
VSLC-12,LAMI_RD308_D9_C3_S18_L005__GENOMAD__Virus.1,viral,Viruses;Monodnaviria;Shotokuvirae;Cressdnaviricota;Arfiviricetes;Cirlivirales,,550,25,2,9,1,10,17,37,56,0,11,805,7,1,10,0,0,36,0,0,0,0,97,4
PSLC-1,LAMI_RD308_D9_C3_S18_L005__METABAT2__P.1__bin.3,prokaryotic,d__Bacteria;p__Actinomycetota;c__Actinomycetia;o__Propionibacteriales;f__Propionibacteriaceae;g__Cutibacterium;s__Cutibacterium acnes, C. acnes Type IB (MAG 11),1203199,715263,15709,160400,9257,746785,83179,1231937,634512,14034,202019,1184490,469234,222780,624513,3375,167713,411656,263684,249349,40169,191243,1098267,175232
PSLC-1,LAMI_RD310_D0_C2_S19_L005__METABAT2__P.1__bin.2,prokaryotic,d__Bacteria;p__Actinomycetota;c__Actinomycetia;o__Propionibacteriales;f__Propionibacteriaceae;g__Cutibacterium;s__Cutibacterium acnes, C. acnes Type II (MAG 12),324455,91738,35413,431836,21319,92009,15230,141316,112567,41749,538432,243621,103207,582813,1351006,622,580763,67180,702642,387682,4565,740709,206747,418171
VSLC-3,LAMI_RD310_D0_C3_S20_L005__GENOMAD__Virus.1,viral,Viruses;Duplodnaviria;Heunggongvirae;Uroviricota;Caudoviricetes,,3,374,302,102,7,931,0,2320,72,155,20,19,29,3,37,0,380,510,1336,1444,53,2527,8,31
VSLC-6,LAMI_RD310_D0_C3_S20_L005__GENOMAD__Virus.2,viral,Viruses;Monodnaviria;Shotokuvirae;Cossaviricota;Papovaviricetes;Zurhausenvirales;Papillomaviridae,,0,34,0,0,0,9,0,0,0,1133,0,0,3,0,0,0,3,7,6210,0,0,6,0,0
VSLC-14,LAMI_RD310_D0_C3_S20_L005__GENOMAD__Virus.3,viral,Viruses;Monodnaviria;Shotokuvirae;Cressdnaviricota;Arfiviricetes;Cirlivirales,,0,2,7,3,0,20,0,0,1,7,0,0,0,0,0,0,168,4,164,55,1,236,0,0
ESLC-1,LAMI_RD304_D0_C1_S1_L005__METABAT2__E.1__bin.1,eukaryotic,c__Malasseziomycetes;o__Malasseziales;f__Malasseziaceae;g__Malassezia;s__,,10720,205661,5713,23954,2076,191630,111,15389,9264,599,111085,8988,146215,157266,60005,6,49408,89892,29434,70832,14293,27013,3742,189454
PSLC-1,LAMI_RD304_D0_C1_S1_L005__METABAT2__P.1__bin.2,prokaryotic,d__Bacteria;p__Actinomycetota;c__Actinomycetia;o__Propionibacteriales;f__Propionibacteriaceae;g__Cutibacterium;s__Cutibacterium acnes, C. acnes Type II (MAG 13),320721,88014,34248,438779,21946,89911,15492,140117,111883,40302,546303,242588,102789,591991,1372107,667,558427,65631,685219,371721,4510,709425,206070,424189
PSLC-1,LAMI_RD304_D0_C3_S2_L005__MAXBIN2-107__P.1__bin.001,prokaryotic,d__Bacteria;p__Actinomycetota;c__Actinomycetia;o__Propionibacteriales;f__Propionibacteriaceae;g__Cutibacterium;s__Cutibacterium acnes, C. acnes Type II (MAG 14),425023,128033,36404,467592,23591,132834,22289,233180,163013,42940,575177,347694,127878,626090,1463465,1001,577003,90894,717973,395648,6584,736188,297208,448484
ESLC-1,LAMI_RD304_D0_C3_S2_L005__METABAT2__E.1__bin.1,eukaryotic,c__Malasseziomycetes;o__Malasseziales;f__Malasseziaceae;g__Malassezia;s__,,11798,213686,6854,29498,2473,219654,98,17326,10123,734,123388,10823,153694,217514,72342,5,53678,102711,32465,79826,15765,29231,4277,165929
PSLC-1,LAMI_RD304_D11_C1_S3_L005__CONCOCT__P.1__13,prokaryotic,d__Bacteria;p__Actinomycetota;c__Actinomycetia;o__Propionibacteriales;f__Propionibacteriaceae;g__Cutibacterium;s__Cutibacterium acnes, C. acnes Type II (MAG 15),330216,91158,34719,446106,22109,93097,15571,146550,116154,40913,551657,252066,102996,598440,1391903,680,562604,68662,694617,377015,4666,713559,213277,427536
PSLC-1,LAMI_RD304_D14_C3_S4_L005__MAXBIN2-107__P.1__bin.001,prokaryotic,d__Bacteria;p__Actinomycetota;c__Actinomycetia;o__Propionibacteriales;f__Propionibacteriaceae;g__Cutibacterium;s__Cutibacterium acnes, C. acnes Type II (MAG 16),352930,117277,34984,448109,22296,117109,17620,175097,128139,41794,555779,272882,120408,603599,1403867,741,567096,81141,701933,383830,5938,719866,233899,430033
PSLC-2,LAMI_RD304_D28_C3_S5_L005__CONCOCT__P.1__20,prokaryotic,d__Bacteria;p__Actinomycetota;c__Actinomycetia;o__Propionibacteriales;f__Propionibacteriaceae;g__Cutibacterium;s__Cutibacterium granulosum,,13680,197713,506,16659,467,94218,779,10054,7949,264,15951,6894,87118,12214,55613,5,4961,77564,6941,3630,6336,6584,10251,15713
PSLC-1,LAMI_RD304_D28_C3_S5_L005__CONCOCT__P.1__9,prokaryotic,d__Bacteria;p__Actinomycetota;c__Actinomycetia;o__Propionibacteriales;f__Propionibacteriaceae;g__Cutibacterium;s__Cutibacterium acnes, C. acnes Type II (MAG 17),428149,144598,41289,460155,22920,149587,22814,243055,165921,45678,581947,351957,141608,620741,1452559,979,702539,99025,783044,454170,7674,886058,302981,460228
VSLC-11,LAMI_RD304_D7_C1_S6_L005__GENOMAD__Virus.1,viral,Viruses;Monodnaviria;Shotokuvirae;Cossaviricota;Papovaviricetes;Zurhausenvirales;Papillomaviridae,,4,0,0,1,0,7,0,0,0,0,3339,0,0,22,0,0,0,0,0,0,0,0,0,56
ESLC-1,LAMI_RD304_D7_C1_S6_L005__METABAT2__E.1__bin.1,eukaryotic,c__Malasseziomycetes;o__Malasseziales;f__Malasseziaceae;g__Malassezia;s__,,11640,189649,5231,24551,1960,186038,81,14853,8554,541,134068,9342,137088,152828,60447,6,46032,86622,26452,64036,13516,25230,3785,147218
PSLC-1,LAMI_RD304_D7_C1_S6_L005__METABAT2__P.1__bin.3,prokaryotic,d__Bacteria;p__Actinomycetota;c__Actinomycetia;o__Propionibacteriales;f__Propionibacteriaceae;g__Cutibacterium;s__Cutibacterium acnes, C. acnes Type II (MAG 18),325136,93095,34420,442922,22038,92939,15650,145759,113624,41474,549637,246464,103682,596661,1382750,703,560518,67948,691247,375619,4739,715039,209915,426508
PSLC-1,LAMI_RD310_D0_C3_S20_L005__METABAT2__P.1__bin.1,prokaryotic,d__Bacteria;p__Actinomycetota;c__Actinomycetia;o__Propionibacteriales;f__Propionibacteriaceae;g__Cutibacterium;s__Cutibacterium acnes, C. acnes Type II (MAG 19),327469,94036,35670,435535,21317,94917,15908,148261,115423,42313,540818,249925,105814,586604,1362573,720,582291,69290,714313,385685,4819,736263,211621,421002
VSLC-3,LAMI_RD310_D14_C3_S21_L005__GENOMAD__Virus.1,viral,Viruses;Duplodnaviria;Heunggongvirae;Uroviricota;Caudoviricetes,,3,371,339,103,5,951,0,2240,65,150,17,19,23,4,27,0,397,541,1312,1488,60,2642,7,33
ESLC-1,LAMI_RD310_D14_C3_S21_L005__METABAT2__E.1__bin.1,eukaryotic,c__Malasseziomycetes;o__Malasseziales;f__Malasseziaceae;g__Malassezia;s__,,10474,199952,13768,23017,2044,203018,100,16251,9509,2145,99835,9455,146303,147989,55688,4,90302,94291,92715,216473,14695,64233,3729,140972
PSLC-1,LAMI_RD310_D16_C2_S22_L005__METABAT2__P.1__bin.1,prokaryotic,d__Bacteria;p__Actinomycetota;c__Actinomycetia;o__Propionibacteriales;f__Propionibacteriaceae;g__Cutibacterium;s__Cutibacterium acnes, C. acnes Type II (MAG 20),325344,98077,34139,416073,20568,98071,15928,151886,116314,40132,519254,248808,106766,563016,1305974,694,551756,70551,674986,371153,4985,705039,212634,404418
PSLC-1,LAMI_RD310_D21_C2_S23_L005__CONCOCT__P.1__37,prokaryotic,d__Bacteria;p__Actinomycetota;c__Actinomycetia;o__Propionibacteriales;f__Propionibacteriaceae;g__Cutibacterium;s__Cutibacterium acnes, C. acnes Type II (MAG 21),389589,171086,49066,459679,22935,175496,20663,231684,148240,52179,572841,308292,156762,611642,1430689,832,848529,112684,879014,549818,8742,1076846,268975,448362
VSLC-6,LAMI_RD310_D7_C3_S24_L005__GENOMAD__Virus.1,viral,Viruses;Monodnaviria;Shotokuvirae;Cossaviricota;Papovaviricetes;Zurhausenvirales;Papillomaviridae,,0,38,0,0,0,9,0,0,0,1189,0,0,7,0,0,0,4,10,6305,0,0,0,0,0
PSLC-1,LAMI_RD310_D7_C3_S24_L005__METABAT2__P.1__bin.1,prokaryotic,d__Bacteria;p__Actinomycetota;c__Actinomycetia;o__Propionibacteriales;f__Propionibacteriaceae;g__Cutibacterium;s__Cutibacterium acnes, C. acnes Type II (MAG 22),328321,91234,35262,438165,21590,91318,15476,143513,114953,42510,546525,247769,103492,592214,1370474,659,574052,67200,719147,381184,4591,726124,209969,424201
VSLC-16,LAMI_RD306_D0_C3_S7_L005__GENOMAD__Virus.1,viral,Viruses;Monodnaviria;Shotokuvirae;Cossaviricota;Papovaviricetes;Zurhausenvirales;Papillomaviridae,,0,169,0,0,0,17,0,0,4,0,0,0,2652,0,0,0,0,15,0,0,0,0,0,0